<?xml version="1.0" encoding="UTF-8"?>
<beans xmlns="http://www.springframework.org/schema/beans"
	xmlns:xsi="http://www.w3.org/2001/XMLSchema-instance" xmlns:context="http://www.springframework.org/schema/context"
	xmlns:tx="http://www.springframework.org/schema/tx" xmlns:mvc="http://www.springframework.org/schema/mvc"
	xsi:schemaLocation="http://www.springframework.org/schema/beans
    http://www.springframework.org/schema/beans/spring-beans.xsd
    http://www.springframework.org/schema/context
    http://www.springframework.org/schema/context/spring-context.xsd
    http://www.springframework.org/schema/tx
    http://www.springframework.org/schema/tx/spring-tx.xsd
    http://www.springframework.org/schema/mvc
    http://www.springframework.org/schema/mvc/spring-mvc.xsd">
	<!-- Root Context: defines shared resources visible to all other web components -->
	
	<context:component-scan base-package="com.eksad.xbc.model" />
	<context:component-scan base-package="com.eksad.xbc.dao" />
	<context:component-scan base-package="com.eksad.xbc.service" />
	
	<mvc:annotation-driven>
        <mvc:message-converters>
            <!-- Use the HibernateAware mapper instead of the default -->
            <bean class="org.springframework.http.converter.json.MappingJackson2HttpMessageConverter">
                <property name="objectMapper">
                    <bean class="com.eksad.xbc.mapper.HibernateAwareObjectMapper" />
                </property>
            </bean>
        </mvc:message-converters>
    </mvc:annotation-driven>

	<bean id="propertyConfigurer"
		class="org.springframework.beans.factory.config.PropertyPlaceholderConfigurer">
		<property name="locations">
			<list>
				<value>WEB-INF/jdbc.properties</value>
			</list>
		</property>
	</bean>

	<bean id="dataSource"
		class="org.springframework.jdbc.datasource.DriverManagerDataSource">
		<property name="driverClassName" value="${jdbc.driverClassName}" />
		<property name="url" value="${jdbc.url}" />
		<property name="username" value="${jdbc.username}" />
		<property name="password" value="${jdbc.password}" />
		<!-- property name="defaultAutoCommit" value="false" -->
	</bean>

	<!-- session factory hibernate -->
	<bean class="org.springframework.orm.hibernate5.LocalSessionFactoryBean"
		id="sessionFactory">
		<property name="dataSource" ref="dataSource"></property>
		<property name="packagesToScan" value="com.eksad.xbc.model" />
		<property name="hibernateProperties">
			<props>
				<prop key="hibernate.dialect">${hibernate.dialect}</prop>
				<prop key="hibernate.show_sql">true</prop>
				<prop key="hibernate.hbm2ddl.auto">update</prop>
				<!-- prop key="hibernate.hbm2ddl.auto">update</prop -->
			</props>
		</property>
	</bean>

	<bean id="transactionManager"
		class="org.springframework.orm.hibernate5.HibernateTransactionManager">
		<property name="sessionFactory" ref="sessionFactory" />
	</bean>

	<tx:annotation-driven />	
</beans>